<?xml version="1.0" encoding="UTF-8" ?>

<container xmlns="http://symfony.com/schema/dic/services"
    xmlns:xsi="http://www.w3.org/2001/XMLSchema-instance"
    xsi:schemaLocation="http://symfony.com/schema/dic/services http://symfony.com/schema/dic/services/services-1.0.xsd">

    <parameters>
        <parameter key="stof_doctrine_extensions.event_listener.locale.class">Stof\DoctrineExtensionsBundle\EventListener\LocaleListener</parameter>
        <parameter key="stof_doctrine_extensions.event_listener.logger.class">Stof\DoctrineExtensionsBundle\EventListener\LoggerListener</parameter>
        <parameter key="stof_doctrine_extensions.event_listener.blame.class">Stof\DoctrineExtensionsBundle\EventListener\BlameListener</parameter>
        <parameter key="stof_doctrine_extensions.uploadable.manager.class">Stof\DoctrineExtensionsBundle\Uploadable\UploadableManager</parameter>
        <parameter key="stof_doctrine_extensions.uploadable.mime_type_guesser.class" />
        <parameter key="stof_doctrine_extensions.uploadable.default_file_info.class" />
    </parameters>
    <services>
        <!-- Doctrine listeners -->
        <service id="stof_doctrine_extensions.listener.timestampable" class="%stof_doctrine_extensions.listener.timestampable.class%" public="false">
            <call method="setAnnotationReader">
                <argument type="service" id="annotation_reader" />
            </call>
        </service>
        <service id="stof_doctrine_extensions.listener.blameable" class="%stof_doctrine_extensions.listener.blameable.class%" public="false">
            <call method="setAnnotationReader">
                <argument type="service" id="annotation_reader" />
            </call>
        </service>
        <service id="stof_doctrine_extensions.listener.tree" class="%stof_doctrine_extensions.listener.tree.class%" public="false">
            <call method="setAnnotationReader">
                <argument type="service" id="annotation_reader" />
            </call>
        </service>
        <service id="stof_doctrine_extensions.listener.sluggable" class="%stof_doctrine_extensions.listener.sluggable.class%" public="false">
            <call method="setAnnotationReader">
                <argument type="service" id="annotation_reader" />
            </call>
        </service>
        <service id="stof_doctrine_extensions.listener.translatable" class="%stof_doctrine_extensions.listener.translatable.class%" public="false">
            <call method="setAnnotationReader">
                <argument type="service" id="annotation_reader" />
            </call>
            <call method="setDefaultLocale">
                <argument>%stof_doctrine_extensions.default_locale%</argument>
            </call>
            <call method="setTranslatableLocale">
                <argument>%stof_doctrine_extensions.default_locale%</argument>
            </call>
            <call method="setTranslationFallback">
                <argument>%stof_doctrine_extensions.translation_fallback%</argument>
            </call>
            <call method="setPersistDefaultLocaleTranslation">
                <argument>%stof_doctrine_extensions.persist_default_translation%</argument>
            </call>
            <call method="setSkipOnLoad">
                <argument>%stof_doctrine_extensions.skip_translation_on_load%</argument>
            </call>
        </service>
        <service id="stof_doctrine_extensions.listener.loggable" class="%stof_doctrine_extensions.listener.loggable.class%" public="false">
            <call method="setAnnotationReader">
                <argument type="service" id="annotation_reader" />
            </call>
        </service>
        <service id="stof_doctrine_extensions.listener.sortable" class="%stof_doctrine_extensions.listener.sortable.class%" public="false">
            <call method="setAnnotationReader">
                <argument type="service" id="annotation_reader" />
            </call>
        </service>
        <service id="stof_doctrine_extensions.listener.softdeleteable" class="%stof_doctrine_extensions.listener.softdeleteable.class%" public="false">
            <call method="setAnnotationReader">
                <argument type="service" id="annotation_reader" />
            </call>
        </service>
        <service id="stof_doctrine_extensions.listener.uploadable" class="%stof_doctrine_extensions.listener.uploadable.class%" public="false">
            <argument type="service" id="stof_doctrine_extensions.uploadable.mime_type_guesser" />

            <call method="setAnnotationReader">
                <argument type="service" id="annotation_reader" />
            </call>

            <call method="setDefaultFileInfoClass">
                <argument>%stof_doctrine_extensions.uploadable.default_file_info.class%</argument>
            </call>
        </service>
        <service id="stof_doctrine_extensions.listener.reference_integrity" class="%stof_doctrine_extensions.listener.reference_integrity.class%" public="false">
            <call method="setAnnotationReader">
                <argument type="service" id="annotation_reader" />
            </call>
        </service>

        <!-- Symfony listeners -->
        <service id="stof_doctrine_extensions.event_listener.locale" class="%stof_doctrine_extensions.event_listener.locale.class%" public="false">
            <argument type="service" id="stof_doctrine_extensions.listener.translatable" />
        </service>

        <service id="stof_doctrine_extensions.event_listener.logger" class="%stof_doctrine_extensions.event_listener.logger.class%" public="false">
            <argument type="service" id="stof_doctrine_extensions.listener.loggable" />
        </service>

        <service id="stof_doctrine_extensions.event_listener.blame" class="%stof_doctrine_extensions.event_listener.blame.class%" public="false">
            <argument type="service" id="stof_doctrine_extensions.listener.blameable" />
        </service>

        <!-- Uploadable -->
        <service id="stof_doctrine_extensions.uploadable.mime_type_guesser" class="%stof_doctrine_extensions.uploadable.mime_type_guesser.class%" public="false" />

        <service id="stof_doctrine_extensions.uploadable.manager" class="%stof_doctrine_extensions.uploadable.manager.class%">
            <argument type="service" id="stof_doctrine_extensions.listener.uploadable" />
            <argument>%stof_doctrine_extensions.uploadable.default_file_info.class%</argument>
        </service>

    </services>
</container>
