<?xml version="1.0" encoding="UTF-8" ?>

<container xmlns="http://symfony.com/schema/dic/services"
    xmlns:xsi="http://www.w3.org/2001/XMLSchema-instance"
    xsi:schemaLocation="http://symfony.com/schema/dic/services http://symfony.com/schema/dic/services/services-1.0.xsd">

    <services>
        <service id="fos_elastica.provider.prototype.mongodb" class="FOS\ElasticaBundle\Doctrine\MongoDB\Provider" public="true" abstract="true">
            <argument /> <!-- object persister -->
            <argument type="service" id="fos_elastica.indexable" />
            <argument /> <!-- model -->
            <argument type="collection" /> <!-- options -->
            <argument type="service" id="doctrine_mongodb" />
        </service>

        <service id="fos_elastica.listener.prototype.mongodb" class="FOS\ElasticaBundle\Doctrine\Listener" public="false" abstract="true">
            <argument /> <!-- object persister -->
            <argument type="collection" /> <!-- events -->
            <argument type="service" id="fos_elastica.indexable" />
            <argument type="collection" /> <!-- configuration -->
            <argument /> <!-- logger -->
        </service>

        <service id="fos_elastica.elastica_to_model_transformer.prototype.mongodb" class="FOS\ElasticaBundle\Doctrine\MongoDB\ElasticaToModelTransformer" public="false" abstract="true">
            <argument type="service" id="doctrine_mongodb" />
            <argument /> <!-- model -->
            <argument type="collection" /> <!-- options -->
            <call method="setPropertyAccessor">
                <argument type="service" id="fos_elastica.property_accessor" />
            </call>
        </service>

        <service id="fos_elastica.manager.mongodb" class="FOS\ElasticaBundle\Doctrine\RepositoryManager">
            <argument type="service" id="doctrine_mongodb"/>
            <argument type="service" id="annotation_reader"/>
        </service>
    </services>
</container>
