<?xml version="1.0" encoding="UTF-8" ?>

<container xmlns="http://symfony.com/schema/dic/services"
           xmlns:xsi="http://www.w3.org/2001/XMLSchema-instance"
           xsi:schemaLocation="http://symfony.com/schema/dic/services http://symfony.com/schema/dic/services/services-1.0.xsd">

    <parameters>
        <parameter key="fos_elastica.object_persister.class">FOS\ElasticaBundle\Persister\ObjectPersister</parameter>
        <parameter key="fos_elastica.object_serializer_persister.class">FOS\ElasticaBundle\Persister\ObjectSerializerPersister</parameter>
    </parameters>

    <services>
        <service id="fos_elastica.object_persister" class="%fos_elastica.object_persister.class%" abstract="true">
            <argument /> <!-- type -->
            <argument /> <!-- model to elastica transformer -->
            <argument /> <!-- model -->
            <argument /> <!-- properties mapping -->
        </service>

        <service id="fos_elastica.object_serializer_persister" class="%fos_elastica.object_serializer_persister.class%" abstract="true">
            <argument /> <!-- type -->
            <argument /> <!-- model to elastica transformer -->
            <argument /> <!-- model -->
            <argument /> <!-- serializer -->
        </service>
    </services>
</container>
