<?xml version="1.0" encoding="UTF-8" ?>

<container xmlns="http://symfony.com/schema/dic/services"
           xmlns:xsi="http://www.w3.org/2001/XMLSchema-instance"
           xsi:schemaLocation="http://symfony.com/schema/dic/services http://symfony.com/schema/dic/services/services-1.0.xsd">

    <parameters>
        <parameter key="fos_elastica.provider_registry.class">FOS\ElasticaBundle\Provider\ProviderRegistry</parameter>
    </parameters>

    <services>
        <service id="fos_elastica.provider_registry" class="%fos_elastica.provider_registry.class%">
            <call method="setContainer">
                <argument type="service" id="service_container" />
            </call>
        </service>
    </services>
</container>
