<?xml version="1.0" encoding="UTF-8" ?>

<container xmlns="http://symfony.com/schema/dic/services"
           xmlns:xsi="http://www.w3.org/2001/XMLSchema-instance"
           xsi:schemaLocation="http://symfony.com/schema/dic/services http://symfony.com/schema/dic/services/services-1.0.xsd">

    <parameters>
        <parameter key="fos_elastica.elastica_to_model_transformer.collection.class">FOS\ElasticaBundle\Transformer\ElasticaToModelTransformerCollection</parameter>
        <parameter key="fos_elastica.model_to_elastica_transformer.class">FOS\ElasticaBundle\Transformer\ModelToElasticaAutoTransformer</parameter>
        <parameter key="fos_elastica.model_to_elastica_identifier_transformer.class">FOS\ElasticaBundle\Transformer\ModelToElasticaIdentifierTransformer</parameter>
    </parameters>

    <services>
        <service id="fos_elastica.model_to_elastica_transformer" class="%fos_elastica.model_to_elastica_transformer.class%" public="false" abstract="true">
            <argument  type="collection" /> <!-- options -->
            <call method="setPropertyAccessor">
                <argument type="service" id="fos_elastica.property_accessor" />
            </call>
        </service>

        <service id="fos_elastica.model_to_elastica_identifier_transformer" class="%fos_elastica.model_to_elastica_identifier_transformer.class%" public="false" abstract="true">
            <argument type="collection" /> <!-- options -->
            <call method="setPropertyAccessor">
                <argument type="service" id="fos_elastica.property_accessor" />
            </call>
        </service>

        <service id="fos_elastica.elastica_to_model_transformer.collection" class="%fos_elastica.elastica_to_model_transformer.collection.class%" public="true" abstract="true">
            <argument type="collection" /> <!-- transformers -->
        </service>
    </services>
</container>
