<?xml version="1.0" encoding="UTF-8" ?>

<routes xmlns="http://symfony.com/schema/routing"
    xmlns:xsi="http://www.w3.org/2001/XMLSchema-instance"
    xsi:schemaLocation="http://symfony.com/schema/routing http://symfony.com/schema/routing/routing-1.0.xsd">

    <route id="_configurator_home" path="/">
        <default key="_controller">SensioDistributionBundle:Configurator:check</default>
    </route>

    <route id="_configurator_step" path="/step/{index}">
        <default key="_controller">SensioDistributionBundle:Configurator:step</default>
    </route>

    <route id="_configurator_final" path="/final">
        <default key="_controller">SensioDistributionBundle:Configurator:final</default>
    </route>
</routes>
