<?xml version="1.0" ?>

<container xmlns="http://symfony.com/schema/dic/services"
    xmlns:xsi="http://www.w3.org/2001/XMLSchema-instance"
    xsi:schemaLocation="http://symfony.com/schema/dic/services http://symfony.com/schema/dic/services/services-1.0.xsd">

    <parameters>
        <parameter key="knp_menu.templating.helper.class">Knp\Bundle\MenuBundle\Templating\Helper\MenuHelper</parameter>
    </parameters>

    <services>
        <service id="knp_menu.templating.helper" class="%knp_menu.templating.helper.class%">
            <tag name="templating.helper" alias="knp_menu" />
            <argument type="service" id="knp_menu.helper" />
        </service>
    </services>

</container>
