<?xml version="1.0" encoding="UTF-8" ?>

<container xmlns="http://symfony.com/schema/dic/services"
           xmlns:xsi="http://www.w3.org/2001/XMLSchema-instance"
           xsi:schemaLocation="http://symfony.com/schema/dic/services http://symfony.com/schema/dic/services/services-1.0.xsd">

    <parameters>
        <parameter key="fos_elastica.slice_fetcher.orm.class">FOS\ElasticaBundle\Doctrine\ORM\SliceFetcher</parameter>
        <parameter key="fos_elastica.provider.prototype.orm.class">FOS\ElasticaBundle\Doctrine\ORM\Provider</parameter>
        <parameter key="fos_elastica.listener.prototype.orm.class">FOS\ElasticaBundle\Doctrine\Listener</parameter>
        <parameter key="fos_elastica.elastica_to_model_transformer.prototype.orm.class">FOS\ElasticaBundle\Doctrine\ORM\ElasticaToModelTransformer</parameter>
        <parameter key="fos_elastica.manager.orm.class">FOS\ElasticaBundle\Doctrine\RepositoryManager</parameter>
    </parameters>

    <services>
        <service id="fos_elastica.slice_fetcher.orm" class="%fos_elastica.slice_fetcher.orm.class%">
        </service>

        <service id="fos_elastica.provider.prototype.orm" class="%fos_elastica.provider.prototype.orm.class%" public="true" abstract="true">
            <argument /> <!-- object persister -->
            <argument type="service" id="fos_elastica.indexable" />
            <argument /> <!-- model -->
            <argument type="collection" /> <!-- options -->
            <argument type="service" id="doctrine" /> <!-- manager registry -->
            <argument type="service" id="fos_elastica.slice_fetcher.orm" /> <!-- slice fetcher -->
        </service>

        <service id="fos_elastica.listener.prototype.orm" class="%fos_elastica.listener.prototype.orm.class%" public="false" abstract="true">
            <argument /> <!-- object persister -->
            <argument type="service" id="fos_elastica.indexable" />
            <argument type="collection" /> <!-- configuration -->
            <argument>null</argument> <!-- logger -->
        </service>

        <service id="fos_elastica.elastica_to_model_transformer.prototype.orm" class="%fos_elastica.elastica_to_model_transformer.prototype.orm.class%" public="false" abstract="true">
            <argument type="service" id="doctrine" />
            <argument /> <!-- model -->
            <argument type="collection" /> <!-- options -->
            <call method="setPropertyAccessor">
                <argument type="service" id="fos_elastica.property_accessor" />
            </call>
        </service>

        <service id="fos_elastica.manager.orm" class="%fos_elastica.manager.orm.class%">
            <argument type="service" id="doctrine" />
            <argument type="service" id="annotation_reader" />
        </service>
    </services>
</container>
