<?xml version="1.0" ?>
<container xmlns="http://symfony.com/schema/dic/services"
    xmlns:xsi="http://www.w3.org/2001/XMLSchema-instance"
    xsi:schemaLocation="http://symfony.com/schema/dic/services http://symfony.com/schema/dic/services/services-1.0.xsd">

    <services>
        <service id="fos_elastica.provider.prototype.propel" class="FOS\ElasticaBundle\Propel\Provider" public="true" abstract="true">
            <argument /> <!-- object persister -->
            <argument type="service" id="fos_elastica.indexable" />
            <argument /> <!-- model -->
            <argument type="collection" /> <!-- options -->
        </service>

        <service id="fos_elastica.elastica_to_model_transformer.prototype.propel" class="FOS\ElasticaBundle\Propel\ElasticaToModelTransformer" public="false">
            <argument /> <!-- model -->
            <argument type="collection" /> <!-- options -->
            <call method="setPropertyAccessor">
                <argument type="service" id="fos_elastica.property_accessor" />
            </call>
        </service>

        <service id="fos_elastica.manager.propel" class="FOS\ElasticaBundle\Doctrine\RepositoryManager">
            <argument type="service" id="annotation_reader"/>
        </service>
    </services>
</container>
